X,Y,Z
-86.2467707347297,-353.83676125790487,-332.6366669683521
798.3584204960722,277.736029842914,672.9157672217398
-774.2814032481276,-867.88484748531,-947.7110527339769
-145.2552320175928,-447.2470690376741,-383.07139830533174
-655.1522518056427,-476.694193325191,-364.7906069838966
804.7330845709595,260.9630799539368,62.535766353723744
-202.4329793575239,-185.7540362551241,-552.2199818517922
-537.0257209885274,-970.63550807512,-842.2657842954552
-586.9311711500848,-911.6072070581683,-805.5365178678247
689.6947383978435,711.1861625785504,407.5975056607313
-188.70303883124188,-979.7415987363047,-455.54072544261203
-984.9761621868817,-124.03116497146243,-934.3348136886219
-551.0089529826412,-639.7871956590263,-775.2013353912027
-667.4945386638678,-878.0545046451563,-305.7914610710434
-97.53611669583518,-611.0152279385858,-164.6938089037675
155.24061769102636,748.0001328291262,149.3000729812123
-110.45204913845987,-984.9639367444491,-424.4881443638999
-554.9274280394591,-349.2461502135503,-770.7773135276132
64.1116927057814,825.2320901211331,100.97899402195995
-337.4411794400571,-565.2633729730196,-165.3098607427164
-877.8449415248165,-397.5857469216887,-49.787818821558176
890.4856926848078,234.02313934511264,691.6662357890665
697.1838700800303,932.8672113901692,257.9251301256688
-81.36873091886889,-551.0540325457307,-346.0719164832152
-925.2115740256942,-825.0800520764366,-582.2941360613903
953.2117966735889,189.79774892002476,860.2610182579537
-296.02067042816066,-241.9937306421832,-148.59636135015808
-255.6077109579361,-751.7120870239797,-394.3387132808855
627.4163692349599,103.79032743331821,839.2798667544686
6.088084828073388,346.51505606244103,108.06525665909341
788.7178481976166,117.10778447140692,501.9947350185064
255.11660793919947,535.2792356601252,546.545417843982
-431.6460015775202,-533.5798278970922,-624.6210451652421
-464.4713169319525,-934.7938325674277,-380.86103394460383
236.0911638031379,220.449203743442,653.7361851101554
-118.1869208376022,-801.9829685014586,-571.0444589459295
-337.8074610508089,-819.3102593041872,-36.800032569956215
404.1312715926905,999.6522538092253,643.0376696133851
458.8106558190508,765.5658978254446,897.3594075459257
518.1388956828679,385.4864801736682,354.9210970251385
-298.1787245397675,-970.1025008844815,-308.3089126592582
57.98349733518031,999.189166956925,780.6330792381787
125.24378812059479,137.4506619599811,586.1092502240972
-358.41862439830106,-913.2055664420433,-848.41844597274
131.99178022791395,155.95293559142195,991.1209800842628
545.7672853553343,26.034541636085702,138.03461787391885
199.32422961497,978.1465603295375,195.90088463267006
-598.7607417368401,-26.530714929418536,-247.78685942122684
-51.23043782206628,-852.0750110605705,-350.5057031633514
316.4915679627637,820.3959851181467,769.4362411187968
674.9624109359304,170.8530207076066,73.72870800443054
-403.23943761621683,-514.0552777142227,-335.572500027909
-435.7098152888094,-960.12141085369,-976.9174411308436
-945.339926786455,-973.7094343761969,-872.3368414795108
-908.0353920514978,-346.49214355060894,-544.2925215513462
-660.9644057233809,-272.66696334064216,-920.0879869965138
281.5252116910782,917.3190320634021,853.9849847785968
760.9544941187139,433.4708621646625,478.9183006113803
-938.714164322194,-787.0886474956023,-276.4683462243456
-928.2325039627209,-563.9949385734562,-233.66376867661506
-322.6390764743029,-149.6028550658134,-365.82458326385995
595.3871928549909,237.25294011546595,782.8272534356893
-226.21573608389429,-437.08636884157295,-439.3847866102856
487.5111149638772,265.0834450252144,371.9310969280248
627.6353695156338,384.22864423195807,482.60278321269965
-106.26571370769386,-879.8596527494037,-693.4358457279964
811.4020486485206,76.92844662767189,20.242592457114128
462.876369216403,663.1791740732973,532.8265440254518
-592.9482922288878,-576.8420904838725,-22.778306866747585
689.8876456020529,443.29522063640457,889.2967308689192
269.77721179151195,420.291262111425,732.0425691329622
375.0085608449189,637.827444208625,329.94693706412994
-342.4221145417215,-412.63545308549703,-922.1730504101529
47.32749220063653,898.5651200500862,510.981912767944
472.3825924471531,578.2959921759515,740.0439932684095
-661.9197736636438,-124.55523903917526,-996.6574842355101
137.53433904483379,792.1316848804096,446.4322464612942
-720.6052922518962,-441.29008851588446,-103.43831586347937
-541.0690855661451,-510.50558995484084,-129.00718856078322
610.1026224867675,353.5253909592078,260.06360646054964
363.70279462551576,87.89371596121673,914.3156412667089
407.0516370335065,309.0294185624662,839.1791258797264
-436.40109544217603,-915.5540858172228,-998.7455260722153
-413.83989199070334,-108.248503645337,-481.3294267986972
383.2890485708394,58.04666215726202,967.3562385417241
-188.81285398608634,-359.5185994790569,-777.7151411290804
694.4675546442759,292.32904105665375,353.77215595715006
-411.12569657455765,-869.9185549768513,-241.90374783703714
-920.620302252308,-928.7742756494923,-53.79939158202956
-239.2379215108091,-54.40012351007306,-80.31611122840934
-544.2147742288699,-663.9143650480194,-318.9249712134506
639.4284809782321,94.56137686037563,633.0481377306298
-780.5260372722407,-372.2438991575365,-821.4025186882475
206.61049801987923,178.26148321387123,929.1045395733494
506.51585157244256,576.0278571023126,719.0339652003405
-477.3651459387514,-820.6958735907219,-407.81876681213794
718.0449472207064,126.21844874073166,918.6762115160277
-767.0020140593942,-639.9047363575557,-604.0220126445231
-634.1074701232212,-523.1163519521622,-794.13172371716
409.02249077509913,894.2569909663234,483.64916305125354
-810.4928325977079,-638.5798928651974,-885.4043577436464
-418.22040546118603,-379.83475791146657,-141.05180154705636
-70.81118783582394,-918.912435294706,-143.45569647785544
-912.4015523103134,-271.75661388299477,-589.3480134040366
143.62616411344413,854.531273941992,226.1575606098398
-416.2559810566811,-632.9031393474577,-698.8544561935618
292.5480443681416,722.3944602848113,802.1236919579737
947.8241055713402,717.9610875484004,609.0724316991773
983.1478984975009,144.00243823230798,350.5820302806294
-471.371002858683,-893.0374358637634,-231.84578281141444
-350.88162160391096,-621.6337081060393,-741.8584029074436
532.8098365330169,711.8153548149343,753.3078803222127
848.4785109923057,264.88681868056057,511.3213382245793
80.7702566943525,98.59573651094098,349.7101644190378
169.17105115053448,59.04670772935813,897.569237493722
-964.3551473911853,-188.0813258546715,-177.44799685785722
14.611238373963094,51.312114871084304,724.7620418532375
771.7492211570656,984.716983265426,932.6572097935235
-690.1908197498724,-836.5765155175441,-566.6798307848908
456.62886960440846,257.5570240990301,624.6869288499414
-390.8019829693991,-192.4532530848146,-707.3421212310155
-749.6486254699499,-217.80788820886164,-654.733130589804
-421.30092071371666,-340.1386722444395,-373.9704738168243
92.50082415906279,433.0489237678154,513.9137714192271
48.5272258719301,533.7808090364039,532.0031591448798
633.6028457193516,912.9956211740763,901.9185020080109
6.335552788814292,332.6389501238633,112.75014582654924
-78.4390710960198,-43.42984162831601,-833.3245605140158
-968.162340986677,-666.7413293096981,-243.61764795136878
563.0440175764187,557.3965351400715,394.30076935285416
358.33539487428084,298.2986849139152,47.20672637458452
-594.0155126861218,-309.8117909691182,-663.3857873193016
-739.225330521245,-683.7013038474372,-410.9426366793608
686.5163329584844,450.18647643066464,702.374570457162
-10.30899323992628,-445.4572013016209,-511.28462034745684
-375.9006681283372,-767.6189667218471,-97.83995620296582
818.3145778397891,16.956063173792334,917.7131536421864
-248.13222563521936,-171.28959339033918,-833.3608215988834
-332.14663513037976,-162.2642272795946,-535.1438624255454
887.5056689596847,324.8986187010395,538.0733755136871
296.70827354561004,229.0906632145786,395.3948218568697
-799.1631076218475,-904.8838021647546,-166.42561857550788
584.1059580435993,704.1176914632676,93.99969594373422
963.2416170911114,851.9760827276758,447.8274137234372
-157.64010716265614,-409.76764962669245,-56.95657205625571
59.497450522456724,993.8070646061566,980.0433705639186
975.8038770270344,711.5158341327665,652.0759298402461
143.5090700099357,163.53787776430147,621.9857680577198
572.5089608765617,95.98791881322772,934.8507562225809
-380.95244694157736,-307.88090192548,-239.5342053388681
-390.2931371919044,-185.17096506609334,-461.59726820343803
812.468366180226,20.27231099976953,849.1009591877494
-903.5619298501965,-415.3879668930582,-781.3565071816225
-735.7771340942222,-296.51893614294227,-225.24640927810765
343.31076266529317,894.2344701596867,505.16723762373914
14.275125423149703,869.1432271082854,296.49051872240716
-588.8980233734071,-878.0963703514932,-304.6084102347128
357.3129303859907,739.1753204906128,464.01567840824816
938.0821415138392,926.5588768519855,303.3647925703609
-955.4863756898221,-258.51198054282463,-929.7377379687673
448.9893110465924,785.9991622251206,26.65712113380707
472.28259797153913,490.6471862050252,241.5242267612432
-808.6934511150426,-811.8958057941612,-667.755906434476
357.2352928228856,966.5716489839234,857.9358685954096
-944.8400200859262,-437.723372572474,-74.78608937313379
229.24695894361548,37.85487502062295,913.6737676492484
-878.9422216233284,-554.2033070292084,-513.2236998448263
485.97520323455615,152.24576704992796,374.71219459514117
-27.031193253151173,-938.8391709170149,-948.1878047816268
704.3924521811288,169.14652488582624,550.7760238752975
633.2046277160605,161.02665118129588,466.78396095517195
-598.1224130787139,-64.32150688029662,-314.7547583470341
83.7932860719967,554.1639208255933,713.0965866256748
-466.5886588203218,-707.8231936610835,-610.7056850070485
64.51951838727493,427.85967729217356,939.7082979111192
-461.4349992416186,-294.9663224436731,-858.0083571248823
-415.48492288193836,-478.314810368175,-5.291311886493645
65.44114489031915,276.9132015258894,52.75273903673134
-28.67659065644284,-35.0158750031502,-756.5457576548736
-232.12190549589718,-835.9313056978749,-708.7246657386526
205.6756891654124,334.7388286503679,534.9403437235533
826.6180033430521,389.4329687421189,41.96565450518052
95.17079595234392,415.4789951612773,986.1007129056771
-873.7785265471705,-46.653719184744205,-674.6432518230947
288.2502752790906,471.08841964945634,758.6330694875817
181.35941088296968,645.4761944105433,410.4857427179658
-556.6639287916305,-466.2896880063871,-245.0676969894364
882.8232945503117,466.8014698510374,921.7644449394913
-390.23214509554225,-750.2980703309589,-949.1083731335215
-77.10248692232585,-291.6836218936976,-253.34425528860572
486.1781259946091,577.4572383528136,515.1875846247082
-748.9308575387033,-309.1959146664527,-854.1201756298831
317.91831815746923,76.88247522394815,411.31529011390955
162.91677874152464,765.9635833178849,193.00078523940073
233.85456380369382,195.59368911406142,912.7234974740111
-391.91191719492986,-216.87370907302375,-93.31804166534153
-12.71360992919756,-36.51334102335727,-786.7721748868167
-785.1055571621948,-315.7385233571458,-169.97234430886715
866.6569361653684,599.4227078870589,149.66713068579136
-974.3885900172825,-289.00270989482283,-475.7247680137169
150.44863625108755,538.3470166398607,197.46694075677405
-18.053320501560734,-249.10846924931286,-892.2431338864633
-653.945968854299,-545.0665791656518,-719.8780376356995
-914.8581958788908,-471.82664101218745,-572.750274416864
-795.9264407788517,-110.0993446304027,-963.1045888763952
63.3488520932229,271.4292282945472,94.15156462452897
-705.3279558612234,-71.62385957020672,-454.51522732198384
753.3200793228757,349.07068296386,474.3831663299645
-454.694214179709,-737.703100656236,-402.32884262578773
451.57673584738217,378.6830523806724,993.7043460472283
360.25713229637535,960.7079470425975,762.3781784458506
21.45567279601363,179.91542474976862,112.30719007798929
974.4107126857698,954.7826914798698,823.673070845588
-619.0962836019846,-744.6623638604794,-555.3236628527166
833.2083988563967,688.5295439800021,145.72535577602963
804.2728063056915,642.6934587562469,756.5752626485568
393.53437754535423,720.3080676255435,488.68069217621024
-453.8537048292038,-905.2201795223481,-735.3898162056506
34.03845344490817,754.9038037139234,843.6187595261839
956.001239939298,246.24214034710147,301.1119896431626
641.7680093404263,220.5720780137203,877.2065406690687
-239.57567758951416,-682.7579591094434,-68.72937408270434
88.68945944674725,866.7701306918744,615.934014098978
67.8510973508362,520.5027315314184,638.243516868158
-186.94855112219886,-168.43438619067138,-468.4991804286735
259.61749339276747,697.4371717145036,92.38379415498818
163.3456555327941,109.47076422281496,599.8427744854321
618.3323301187244,122.11158072227425,355.42748036780984
-823.5539602394014,-349.69981430836765,-97.97664464014485
-282.79257256887945,-859.0681496842931,-537.0414529017285
-502.7508847221431,-255.81960283652893,-284.1841614872794
776.3126959398094,159.72754127260905,115.94943068855642
416.1689853375555,812.0532785427392,44.2905984950462
-336.3056701516697,-708.5759032164799,-133.0729347758139
-807.0259087420138,-396.8932223730677,-516.1487336431153
158.92128045595862,680.7384487298397,252.21744240427532
91.28229773404645,284.39174322515385,256.47584718461735
327.5637664949769,156.13312096628619,660.7801938678899
-507.2141376793622,-419.71424965857534,-816.9734634136487
-423.3483222731545,-123.90650380423676,-633.3598218782523
-980.0629452404871,-667.6461738944622,-983.3182840499555
-355.25847334967875,-711.9986812897869,-4.2819455405574445
669.2177788846327,477.99851984307713,357.0390588401045
543.51391244553,249.21445026703773,36.66897243053442
511.9654142381221,814.412291108012,976.3336512851029
662.7819831418843,541.9870797148656,878.3133171375656
719.9277567867987,164.07744013326786,91.23831321597578
858.3062324144337,899.5753371061263,291.6088579404079
267.8274655996197,18.135115317755663,614.766972299384
426.01710712281925,522.3734407934149,243.58679396556363
-901.0480554229309,-204.7118195254693,-228.45362087252272
948.524796974757,677.7018726886793,152.68615194468163
-634.8043432607697,-48.797620915892026,-520.9657239286482
978.3515720642368,251.39011625585914,15.602895528419207
-498.61070746856143,-593.5561952643588,-141.5967759831251
490.2472771201657,35.540682346040725,447.19482091993524
614.5308381722459,757.8124375482972,129.48962671762746
-837.6313352670801,-402.12810735224275,-897.5421874002682
-73.83676420479935,-408.5388521464124,-533.2524072395768
-137.00730847766715,-836.7942834595224,-411.7508137507971
932.5537724135584,442.27270489842164,338.1252138078905
-331.74440534799714,-24.70880960741829,-470.53515626081594
-7.837608395806342,-199.59206313683615,-192.26316490130318
-2.5129809014462126,-996.340883632385,-50.54522297588176
-314.08806466020565,-378.2014885929433,-345.0971864786078
-98.006545903865,-146.3502846146315,-443.7785389091755
554.8948645327553,511.3147920349544,411.7782687950512
-136.7824124605811,-198.93309557484315,-935.80856129556
-560.9335117737489,-42.83411820299352,-831.2234332815109
-485.940279730552,-843.4761616126958,-976.8614720064805
218.19659055512244,652.4216941146236,728.3381611868807
-174.92755038200778,-360.12741378833266,-158.17039154011525
506.85056611445054,690.2282587134089,119.54122959456751
48.076568189067686,141.05857054479156,220.30200339663537
-263.6485483126444,-905.7132410071343,-95.04802556710547
605.3914908135972,936.7183680477708,397.6351173778324
-811.3536172596569,-661.1629676670035,-173.02952434525696
236.69379899814209,944.120275850263,105.2266434998361
761.6075525433516,765.3772331976612,528.2339295149095
-107.78432101374028,-179.79194724138188,-918.9828693237553
-553.0640629652704,-152.14773553314058,-948.855265426856
-208.10309002083022,-584.4550915332677,-460.96332898730395
403.86711086413084,479.5273066304939,935.337952526497
52.14269165058056,986.0141769466318,915.786980155023
-872.2677836876285,-929.4877688218642,-614.6423572001578
459.15161528473345,92.33430039767411,455.30749857719314
-620.2984910852093,-267.05505116101335,-487.1514603373779
-272.49871188973896,-435.0386607143448,-432.4820755013815
-795.5739669741597,-740.6266126144073,1.811041976885349
353.3024965956192,918.4497026212701,262.1645216888775
187.86916784741962,785.7561546640711,208.57404652519293
-323.0922455724336,-245.058213401707,-915.0228113039187
-626.8110167667185,-113.27430561241204,-145.55677945084722
-686.0470389004115,-651.6288313674322,-631.088796222472
304.1651599570378,314.90661633653053,490.11520741736234
311.0662479551451,81.81772255005033,336.04781197271126
-252.03135037422294,-471.5514539254193,-74.69513929407299
700.1150136631435,92.97442105280383,190.72606017702998
-995.1482878000372,-886.1545759157245,-923.6894248305404
-324.40505540345146,-946.7634477430131,-848.4147114446571
